[
    {
        "id": "665884ceabde7",
        "name": "ali",
        "age": "23"
    },
    {
        "id": "665884d4d561e",
        "name": "Tamoor sultan",
        "age": "25"
    },
    {
        "id": "665884dc55726",
        "name": "Tamoor",
        "age": "24"
    },
    {
        "id": "6658865e5db74",
        "name": "Tamoor sultan",
        "age": "25"
    },
    {
        "id": "66588a8b1bae5",
        "name": "Youtube",
        "age": "23"
    },
    {
        "id": "66588a95b8321",
        "name": "Youtube",
        "age": "25"
    }
]