[
    {
        "username": "fatima@gmail.com",
        "password": "$2y$10$luWeuZoxTaZcL60eaig\/B.2syKe8Q1b1CKCEOyjmScNTymLEbyPQq"
    },
    {
        "username": "ali",
        "password": "$2y$10$E9IPWeijWYaOiinDlE16M.NY14WbhvJW293q5hdoemqmDPpVO8xse"
    },
    {
        "username": "alir",
        "password": "$2y$10$8bfX..KPn3T9hf41NNHJSee5qMO55PKOuiVxydgUVu45EnRIVKSDW"
    },
    {
        "username": "as",
        "password": "$2y$10$M\/nB3DkpAwi5njAE5VxT0OkAvd8JGpkST5mBHNSFN8MnUR6muNcye"
    },
    {
        "username": "mujahid",
        "password": "$2y$10$ULRnrGdFfIisxdbAqEQ52eu1Fg10OctMVoTAm2VRLJAiQ9qtvBBLy"
    },
    {
        "username": "tm",
        "password": "$2y$10$CfgvAwWfvkSUyQRVIDS3b.6yV8viAcsve7Fdf1pJ19oOJVMzzs89u"
    },
    {
        "username": "alia",
        "password": "$2y$10$a4\/pRblVcInlhMY4M9JWEuBN\/UxrlbraYRglYel5DURoYmB60slyy"
    }
    
]